generation,best_acc,average_acc,diferencia,time
1,0.05,0.00485791,20,0.021758
2,0.0625,0.00541248,16,0.021485
3,2.14748e+09,2.14748e+07,0,0.0227
