epoch,time,accuracy,cores
1,506.874,0.967333,7
2,942.684,0.967333,7
3,1388.91,0.966333,7
4,1824.67,0.967333,7
5,2257.48,0.97,7
